{"stats":{"minecraft:picked_up":{"minecraft:stripped_oak_log":52,"minecraft:charcoal":2,"minecraft:crafting_table":1,"minecraft:ladder":12,"born_in_chaos_v1:monster_flesh":1,"minecraft:birch_slab":17,"minecraft:brown_bed":1,"minecraft:birch_planks":8,"minecraft:gunpowder":2,"skilltree:gem":16,"minecraft:jungle_trapdoor":12,"minecraft:paper":5,"born_in_chaos_v1:monster_skin":1,"minecraft:bone":3,"minecraft:raw_gold":1,"minecraft:iron_ingot":3,"minecraft:cobweb":4,"minecraft:poppy":2,"minecraft:chest":1,"minecraft:oak_planks":10,"minecraft:furnace":1,"minecraft:book":22,"minecraft:raw_iron":53,"minecraft:sandstone":1,"minecraft:torch":8,"minecraft:sand":4,"minecraft:birch_stairs":8,"tombstone:grave_dust":1,"minecraft:arrow":2,"minecraft:hay_block":19,"minecraft:granite":5,"minecraft:coal":37,"minecraft:rail":7,"minecraft:cobblestone":225},"minecraft:custom":{"minecraft:interact_with_furnace":20,"minecraft:mob_kills":6,"minecraft:interact_with_crafting_table":13,"minecraft:leave_game":2,"minecraft:time_since_death":106193,"minecraft:sleep_in_bed":3,"minecraft:climb_one_cm":8133,"minecraft:time_since_rest":50418,"minecraft:sprint_one_cm":54795,"minecraft:damage_taken":376,"minecraft:walk_one_cm":267832,"minecraft:damage_dealt":1832,"minecraft:fly_one_cm":42478,"minecraft:open_chest":42,"minecraft:crouch_one_cm":2340,"minecraft:play_time":106193,"tombstone:undead_killed":4,"minecraft:sneak_time":1624,"minecraft:jump":516,"minecraft:walk_on_water_one_cm":1532,"minecraft:total_world_time":106193,"minecraft:fall_one_cm":8695},"minecraft:killed":{"born_in_chaos_v1:baby_skeleton":2,"born_in_chaos_v1:skeleton_demoman":1,"minecraft:iron_golem":1,"minecraft:skeleton":1,"born_in_chaos_v1:dread_hound":1},"minecraft:used":{"minecraft:stone_pickaxe":114,"minecraft:chest":1,"minecraft:wooden_pickaxe":3,"minecraft:sandstone":1,"minecraft:iron_chestplate":1,"minecraft:torch":60,"minecraft:sand":3,"minecraft:spyglass":3,"minecraft:crafting_table":4,"minecraft:iron_pickaxe":208,"minecraft:iron_axe":116,"minecraft:bread":9,"minecraft:cobblestone":13,"minecraft:furnace":3,"minecraft:brown_bed":1},"minecraft:mined":{"minecraft:birch_stairs":8,"minecraft:crafting_table":1,"minecraft:torch":2,"minecraft:granite":5,"minecraft:chest":1,"minecraft:cobblestone":3,"minecraft:birch_slab":17,"minecraft:sandstone":1,"minecraft:wall_torch":3,"minecraft:hay_block":19,"minecraft:birch_planks":8,"minecraft:furnace":1,"minecraft:iron_ore":52,"minecraft:brown_bed":1,"minecraft:bookshelf":7,"minecraft:coal_ore":35,"minecraft:vine":2,"minecraft:sand":4,"minecraft:stripped_oak_log":37,"minecraft:stone":226,"pots_and_mimics:treasure_pot":3,"minecraft:oak_leaves":1,"minecraft:jungle_trapdoor":12},"minecraft:crafted":{"minecraft:oak_planks":100,"minecraft:crafting_table":3,"minecraft:iron_helmet":1,"minecraft:wooden_pickaxe":1,"minecraft:iron_sword":1,"minecraft:furnace":2,"minecraft:bread":72,"minecraft:air":0,"minecraft:iron_boots":1,"minecraft:iron_chestplate":1,"minecraft:charcoal":9,"minecraft:stick":24,"minecraft:iron_ingot":35,"minecraft:iron_pickaxe":1,"minecraft:stone_pickaxe":1,"minecraft:iron_leggings":1,"minecraft:torch":52,"minecraft:wheat":216}},"DataVersion":3465}