{"stats":{"minecraft:dropped":{"minecraft:iron_sword":1,"minecraft:cobblestone":4,"minecraft:dirt":2,"minecraft:string":1,"minecraft:tuff":1,"terramity:ammo_box":1,"minecraft:oak_boat":1,"minecraft:oak_sapling":15},"minecraft:broken":{"minecraft:iron_sword":1,"minecraft:iron_pickaxe":1},"minecraft:mined":{"minecraft:spruce_trapdoor":1,"minecraft:grass_block":12,"minecraft:polished_andesite_slab":2,"terramity:stone_tiles":16,"minecraft:spawner":3,"minecraft:large_fern":2,"minecraft:hay_block":32,"minecraft:iron_ore":24,"minecraft:bookshelf":75,"minecraft:oak_stairs":10,"minecraft:stripped_oak_log":5,"minecraft:azalea_leaves":2,"minecraft:stone":177,"minecraft:red_bed":2,"minecraft:torch":2,"minecraft:chest":6,"minecraft:andesite_slab":2,"minecraft:tall_grass":2,"minecraft:cobblestone":21,"minecraft:birch_wood":2,"minecraft:oak_planks":19,"minecraft:wall_torch":1,"minecraft:birch_log":1,"graveyard:skull_pile":1,"minecraft:stone_brick_stairs":1,"minecraft:grass":10,"minecraft:oak_log":69,"minecraft:coal_ore":352,"minecraft:dirt":217,"minecraft:cracked_stone_bricks":7,"minecraft:polished_andesite":3,"minecraft:stone_bricks":5,"minecraft:mossy_stone_bricks":6,"minecraft:fern":1,"minecraft:oak_leaves":15,"soulsweapons:verglas_ore":3},"minecraft:crafted":{"minecraft:oak_planks":256,"minecraft:bookshelf":21,"minecraft:oak_fence":3,"sophisticatedbackpacks:iron_backpack":1,"minecraft:wheat":279,"minecraft:crafting_table":3,"minecraft:enchanting_table":1,"minecraft:iron_sword":1,"sophisticatedbackpacks:gold_backpack":1,"minecraft:bread":64,"minecraft:oak_boat":2,"minecraft:stick":20,"minecraft:oak_stairs":4,"minecraft:iron_shovel":2,"minecraft:white_bed":1,"minecraft:torch":60},"minecraft:picked_up":{"minecraft:allium":1,"minecraft:clay_ball":5,"minecraft:oak_stairs":10,"minecraft:stone_brick_stairs":1,"born_in_chaos_v1:bloody_gadfly_eye":1,"minecraft:red_bed":2,"minecraft:string":1,"minecraft:stone_stairs":1,"born_in_chaos_v1:intoxicating_decoction":2,"terramity:electronic_scrap":2,"terramity:accursed_soul":6,"minecraft:cracked_stone_bricks":7,"minecraft:beef":14,"minecraft:oak_boat":3,"minecraft:azalea":1,"born_in_chaos_v1:stimulating_decoction":2,"minecraft:chest":6,"minecraft:spruce_trapdoor":1,"minecraft:raw_iron":24,"minecraft:stick":10,"born_in_chaos_v1:shattered_skull":1,"minecraft:torch":6,"tombstone:grave_dust":15,"born_in_chaos_v1:pieceofdarkmetal":2,"terramity:ammo_box":1,"minecraft:arrow":1,"minecraft:rotten_flesh":24,"minecraft:hay_block":31,"minecraft:mutton":7,"minecraft:cobblestone":232,"minecraft:white_wool":5,"minecraft:stripped_oak_log":5,"born_in_chaos_v1:corpse_maggot":8,"born_in_chaos_v1:monster_flesh":1,"minecraft:leather":5,"paraglider:spirit_orb":6,"minecraft:oak_log":70,"minecraft:gunpowder":2,"skilltree:gem":36,"minecraft:dirt":229,"minecraft:lantern":2,"minecraft:bone":37,"minecraft:apple":1,"minecraft:stone_bricks":5,"minecraft:wheat_seeds":2,"minecraft:iron_ingot":3,"minecraft:mossy_stone_bricks":5,"minecraft:polished_andesite_slab":2,"minecraft:oak_planks":18,"minecraft:iron_sword":1,"minecraft:book":225,"born_in_chaos_v1:ethereal_spirit":2,"minecraft:polished_andesite":3,"minecraft:slime_ball":2,"waystones:waystone":6,"soulsweapons:verglas":3,"born_in_chaos_v1:rotten_fish":1,"tombstone:magic_scroll":1,"minecraft:oak_sapling":16,"terramity:stone_tiles":11,"terramity:gold_round":18,"minecraft:coal":350,"mca:scythe":1},"minecraft:killed_by":{"minecraft:creeper":1},"minecraft:custom":{"minecraft:mob_kills":69,"minecraft:interact_with_crafting_table":17,"minecraft:damage_dealt_resisted":1953,"minecraft:leave_game":6,"minecraft:time_since_death":77720,"minecraft:sprint_one_cm":695169,"minecraft:walk_one_cm":446299,"minecraft:damage_blocked_by_shield":1450,"minecraft:drop":12,"minecraft:play_time":308553,"minecraft:deaths":3,"minecraft:sneak_time":1755,"minecraft:walk_under_water_one_cm":18848,"minecraft:boat_one_cm":126777,"minecraft:jump":2741,"minecraft:walk_on_water_one_cm":32524,"minecraft:total_world_time":312113,"minecraft:interact_with_furnace":1,"minecraft:sleep_in_bed":11,"minecraft:time_since_rest":10282,"minecraft:waystone_activated":9,"minecraft:damage_taken":1532,"minecraft:damage_dealt":10617,"minecraft:swim_one_cm":61022,"minecraft:fly_one_cm":1195471,"minecraft:open_chest":124,"minecraft:crouch_one_cm":4192,"tombstone:undead_killed":34,"minecraft:fall_one_cm":40337},"minecraft:used":{"minecraft:oak_fence":3,"minecraft:enchanting_table":1,"minecraft:iron_shovel":202,"minecraft:chest":23,"minecraft:shield":41,"minecraft:iron_sword":221,"minecraft:torch":50,"minecraft:dirt":57,"minecraft:iron_hoe":35,"minecraft:bookshelf":15,"minecraft:lantern":2,"minecraft:iron_axe":226,"minecraft:oak_stairs":8,"minecraft:stone_bricks":4,"minecraft:furnace":4,"tombstone:gift":6,"mca:male_villager_spawn_egg":15,"minecraft:water_bucket":14,"mca:grim_reaper_spawn_egg":1,"minecraft:oak_planks":122,"soulsweapons:moonstone_pickaxe":390,"minecraft:crafting_table":3,"minecraft:red_bed":2,"mca:female_villager_spawn_egg":15,"minecraft:oak_log":2,"waystones:waystone":7,"minecraft:bread":42,"minecraft:iron_pickaxe":250,"minecraft:cobblestone":26,"minecraft:bucket":14,"minecraft:oak_boat":3,"minecraft:experience_bottle":198},"minecraft:killed":{"born_in_chaos_v1:zombie_clown":2,"born_in_chaos_v1:restless_spirit":1,"minecraft:spider":3,"born_in_chaos_v1:zombie_bruiser":1,"born_in_chaos_v1:maggot":4,"minecraft:skeleton":1,"born_in_chaos_v1:skeleton_thrasher":1,"born_in_chaos_v1:corpse_fish":1,"born_in_chaos_v1:baby_skeleton":11,"born_in_chaos_v1:swarmer":1,"born_in_chaos_v1:decrepit_skeleton":6,"minecraft:sheep":5,"born_in_chaos_v1:bloody_gadfly":1,"terramity:simple_turret":1,"minecraft:zombie":11,"born_in_chaos_v1:dread_hound":1,"born_in_chaos_v1:corpse_fly":8,"minecraft:cow":9}},"DataVersion":3465}