{"stats":{"minecraft:dropped":{"minecraft:iron_sword":1,"minecraft:oak_sapling":15},"minecraft:mined":{"minecraft:spruce_trapdoor":1,"minecraft:torch":1,"minecraft:grass_block":10,"minecraft:chest":6,"minecraft:cobblestone":14,"terramity:stone_tiles":16,"minecraft:oak_planks":19,"minecraft:spawner":2,"minecraft:large_fern":1,"minecraft:grass":6,"minecraft:bookshelf":75,"minecraft:oak_log":69,"minecraft:oak_stairs":10,"minecraft:dirt":210,"minecraft:stripped_oak_log":5,"minecraft:cracked_stone_bricks":1,"minecraft:azalea_leaves":2,"minecraft:stone":60,"minecraft:stone_bricks":4,"minecraft:mossy_stone_bricks":5,"minecraft:oak_leaves":14},"minecraft:crafted":{"minecraft:oak_planks":256,"minecraft:crafting_table":1,"sophisticatedbackpacks:gold_backpack":1,"minecraft:bookshelf":21,"minecraft:oak_boat":1,"minecraft:stick":20,"minecraft:oak_stairs":4,"minecraft:iron_shovel":2,"minecraft:white_bed":1,"minecraft:torch":16,"minecraft:oak_fence":3,"sophisticatedbackpacks:iron_backpack":1},"minecraft:picked_up":{"minecraft:stripped_oak_log":5,"minecraft:oak_stairs":10,"paraglider:spirit_orb":4,"minecraft:oak_log":69,"minecraft:stone_stairs":1,"minecraft:dirt":220,"minecraft:lantern":2,"minecraft:bone":26,"terramity:accursed_soul":6,"minecraft:apple":1,"minecraft:stone_bricks":4,"minecraft:cracked_stone_bricks":1,"minecraft:wheat_seeds":2,"minecraft:beef":3,"minecraft:oak_boat":2,"minecraft:azalea":1,"minecraft:mossy_stone_bricks":4,"minecraft:chest":6,"minecraft:oak_planks":18,"minecraft:iron_sword":1,"minecraft:spruce_trapdoor":1,"minecraft:book":225,"minecraft:stick":10,"minecraft:torch":1,"tombstone:grave_dust":14,"minecraft:rotten_flesh":7,"waystones:waystone":1,"terramity:stone_tiles":11,"tombstone:magic_scroll":1,"minecraft:oak_sapling":16,"terramity:gold_round":13,"minecraft:mutton":7,"minecraft:cobblestone":74,"mca:scythe":1,"minecraft:white_wool":5},"minecraft:custom":{"minecraft:interact_with_furnace":1,"minecraft:mob_kills":28,"minecraft:interact_with_crafting_table":12,"minecraft:leave_game":3,"minecraft:time_since_death":125257,"minecraft:sleep_in_bed":5,"minecraft:time_since_rest":1894,"minecraft:waystone_activated":4,"minecraft:sprint_one_cm":367070,"minecraft:damage_taken":546,"minecraft:walk_one_cm":223938,"minecraft:damage_blocked_by_shield":845,"minecraft:drop":2,"minecraft:damage_dealt":3715,"minecraft:swim_one_cm":11818,"minecraft:fly_one_cm":1001624,"minecraft:open_chest":69,"minecraft:crouch_one_cm":2871,"minecraft:play_time":154825,"tombstone:undead_killed":22,"minecraft:deaths":1,"minecraft:sneak_time":1172,"minecraft:walk_under_water_one_cm":5763,"minecraft:boat_one_cm":15010,"minecraft:jump":1621,"minecraft:walk_on_water_one_cm":12151,"minecraft:total_world_time":158385,"minecraft:fall_one_cm":20553},"minecraft:used":{"minecraft:oak_fence":3,"mca:male_villager_spawn_egg":15,"minecraft:water_bucket":7,"minecraft:iron_shovel":202,"mca:grim_reaper_spawn_egg":1,"minecraft:oak_planks":122,"minecraft:chest":23,"minecraft:shield":23,"soulsweapons:moonstone_pickaxe":18,"minecraft:iron_sword":67,"minecraft:torch":6,"minecraft:dirt":44,"minecraft:crafting_table":1,"mca:female_villager_spawn_egg":15,"minecraft:oak_log":2,"waystones:waystone":2,"minecraft:bookshelf":15,"minecraft:lantern":2,"minecraft:iron_axe":205,"minecraft:oak_stairs":8,"minecraft:bread":20,"minecraft:iron_pickaxe":90,"minecraft:stone_bricks":4,"minecraft:cobblestone":14,"minecraft:furnace":4,"minecraft:bucket":6,"minecraft:oak_boat":2,"minecraft:experience_bottle":194},"minecraft:killed":{"born_in_chaos_v1:baby_skeleton":11,"born_in_chaos_v1:decrepit_skeleton":4,"minecraft:sheep":5,"minecraft:zombie":7,"minecraft:cow":1}},"DataVersion":3465}