{"stats":{"minecraft:used":{"tombstone:scroll_of_lightning_resistance":1,"minecraft:oak_fence":3,"minecraft:enchanting_table":1,"minecraft:iron_shovel":202,"born_in_chaos_v1:intoxicating_decoction":1,"minecraft:chest":29,"minecraft:shield":52,"minecraft:iron_sword":293,"minecraft:torch":52,"minecraft:dirt":78,"minecraft:spruce_fence":1,"minecraft:milk_bucket":1,"minecraft:iron_hoe":35,"minecraft:bookshelf":15,"minecraft:lantern":2,"minecraft:iron_axe":281,"minecraft:oak_stairs":8,"minecraft:stone_bricks":8,"minecraft:furnace":4,"tombstone:gift":6,"mca:male_villager_spawn_egg":15,"minecraft:water_bucket":20,"mca:grim_reaper_spawn_egg":1,"minecraft:oak_planks":128,"soulsweapons:moonstone_pickaxe":445,"minecraft:crafting_table":4,"minecraft:red_bed":2,"mca:female_villager_spawn_egg":15,"minecraft:oak_log":2,"waystones:waystone":19,"minecraft:bread":105,"minecraft:iron_pickaxe":250,"minecraft:cobblestone":82,"minecraft:bucket":20,"minecraft:oak_boat":10,"minecraft:experience_bottle":198},"minecraft:mined":{"minecraft:mossy_cobblestone":2,"minecraft:cobblestone_stairs":1,"terramity:cardboard_box":4,"minecraft:mangrove_roots":1,"minecraft:brewing_stand":2,"minecraft:spruce_trapdoor":1,"cataclysm:stone_pillar":2,"minecraft:grass_block":15,"minecraft:spruce_fence":2,"minecraft:decorated_pot":1,"minecraft:crimson_roots":1,"minecraft:polished_andesite_slab":2,"terramity:stone_tiles":16,"minecraft:spawner":6,"minecraft:large_fern":2,"minecraft:hay_block":32,"minecraft:iron_ore":24,"minecraft:fire":2,"born_in_chaos_v1:black_argillite_brick_stairs":1,"minecraft:anvil":1,"minecraft:bookshelf":75,"minecraft:oak_stairs":10,"minecraft:iron_bars":5,"minecraft:stripped_oak_log":5,"minecraft:azalea_leaves":2,"minecraft:bamboo":44,"minecraft:stone":180,"minecraft:red_bed":2,"minecraft:deepslate_tile_slab":1,"minecraft:torch":2,"minecraft:blast_furnace":4,"minecraft:chest":6,"minecraft:andesite_slab":2,"minecraft:tall_grass":2,"minecraft:cobblestone":23,"minecraft:birch_wood":2,"minecraft:oak_planks":20,"minecraft:wall_torch":1,"minecraft:coarse_dirt":1,"minecraft:birch_log":1,"minecraft:sweet_berry_bush":1,"minecraft:jukebox":1,"born_in_chaos_v1:black_argillite_brick":1,"graveyard:skull_pile":1,"minecraft:stone_brick_stairs":1,"minecraft:grass":15,"minecraft:oak_log":69,"minecraft:coal_ore":352,"minecraft:dirt":218,"minecraft:cobweb":1,"minecraft:cracked_stone_bricks":8,"minecraft:polished_andesite":3,"minecraft:spruce_fence_gate":1,"minecraft:stone_bricks":7,"minecraft:mossy_stone_bricks":6,"minecraft:oak_leaves":18,"minecraft:fern":3,"soulsweapons:verglas_ore":4},"minecraft:crafted":{"minecraft:oak_planks":312,"minecraft:bookshelf":21,"minecraft:chest":6,"minecraft:oak_fence":3,"sophisticatedbackpacks:iron_backpack":1,"minecraft:wheat":279,"paraglider:paraglider":1,"minecraft:crafting_table":4,"minecraft:enchanting_table":1,"minecraft:iron_sword":1,"sophisticatedbackpacks:gold_backpack":1,"minecraft:bread":64,"minecraft:oak_boat":3,"minecraft:stick":28,"minecraft:oak_stairs":4,"minecraft:iron_shovel":2,"minecraft:white_bed":1,"minecraft:torch":60},"minecraft:killed":{"born_in_chaos_v1:zombie_clown":2,"born_in_chaos_v1:restless_spirit":2,"born_in_chaos_v1:zombie_clown_not_despawn":2,"minecraft:spider":6,"born_in_chaos_v1:zombie_bruiser":1,"born_in_chaos_v1:maggot":7,"minecraft:skeleton":1,"born_in_chaos_v1:skeleton_thrasher":1,"born_in_chaos_v1:corpse_fish":1,"terramity:blue_fairy":1,"born_in_chaos_v1:baby_skeleton":11,"born_in_chaos_v1:swarmer":1,"born_in_chaos_v1:decrepit_skeleton":10,"minecraft:sheep":5,"born_in_chaos_v1:bloody_gadfly":1,"terramity:simple_turret":1,"minecraft:zombie":11,"born_in_chaos_v1:dread_hound":1,"born_in_chaos_v1:corpse_fly":8,"minecraft:cow":9},"minecraft:killed_by":{"minecraft:creeper":1},"minecraft:picked_up":{"minecraft:coarse_dirt":1,"minecraft:allium":1,"minecraft:clay_ball":5,"minecraft:anvil":1,"terramity:cardboard_box":4,"terramity:fairy_dust":2,"minecraft:oak_stairs":11,"minecraft:potion":3,"minecraft:stone_brick_stairs":1,"born_in_chaos_v1:bloody_gadfly_eye":1,"minecraft:brewing_stand":2,"minecraft:string":6,"minecraft:red_bed":2,"minecraft:stone_stairs":1,"minecraft:iron_axe":1,"minecraft:item_frame":1,"born_in_chaos_v1:intoxicating_decoction":10,"terramity:electronic_scrap":2,"terramity:accursed_soul":14,"minecraft:cracked_stone_bricks":9,"minecraft:beef":14,"minecraft:oak_boat":9,"minecraft:azalea":1,"born_in_chaos_v1:stimulating_decoction":3,"minecraft:chest":6,"minecraft:spruce_trapdoor":1,"minecraft:egg":3,"minecraft:stick":12,"minecraft:raw_iron":24,"born_in_chaos_v1:shattered_skull":2,"minecraft:jukebox":1,"minecraft:torch":6,"minecraft:spruce_fence":2,"tombstone:grave_dust":16,"born_in_chaos_v1:pieceofdarkmetal":2,"born_in_chaos_v1:black_argillite_brick_stairs":1,"terramity:ammo_box":1,"minecraft:arrow":1,"minecraft:rotten_flesh":42,"minecraft:decorated_pot":1,"minecraft:hay_block":31,"minecraft:mangrove_roots":1,"minecraft:mutton":7,"cataclysm:stone_pillar":4,"minecraft:white_wool":5,"minecraft:cobblestone":237,"minecraft:stripped_oak_log":5,"born_in_chaos_v1:corpse_maggot":9,"born_in_chaos_v1:monster_flesh":1,"minecraft:leather":5,"paraglider:spirit_orb":12,"minecraft:oak_log":72,"minecraft:gunpowder":6,"minecraft:cobblestone_stairs":1,"skilltree:gem":36,"minecraft:deepslate_tile_slab":1,"minecraft:dirt":279,"minecraft:lantern":2,"minecraft:bone":41,"minecraft:apple":1,"minecraft:stone_bricks":11,"minecraft:wheat_seeds":12,"minecraft:iron_ingot":3,"minecraft:mossy_stone_bricks":5,"minecraft:bamboo":69,"minecraft:polished_andesite_slab":2,"minecraft:iron_sword":1,"minecraft:oak_planks":21,"minecraft:book":225,"born_in_chaos_v1:ethereal_spirit":4,"minecraft:blast_furnace":4,"minecraft:spider_eye":2,"minecraft:mossy_cobblestone":1,"minecraft:polished_andesite":3,"minecraft:iron_hoe":1,"minecraft:spruce_fence_gate":1,"minecraft:slime_ball":2,"born_in_chaos_v1:fire_dust":2,"waystones:waystone":19,"soulsweapons:verglas":4,"minecraft:crimson_roots":2,"minecraft:oak_sapling":16,"tombstone:magic_scroll":1,"born_in_chaos_v1:rotten_fish":1,"terramity:stone_tiles":11,"minecraft:coal":350,"mca:scythe":1,"terramity:gold_round":18},"minecraft:dropped":{"minecraft:iron_sword":1,"minecraft:wheat_seeds":7,"minecraft:mossy_cobblestone":1,"minecraft:cobblestone":4,"cataclysm:stone_pillar":4,"minecraft:cracked_stone_bricks":2,"minecraft:deepslate_tile_slab":1,"minecraft:cobblestone_stairs":1,"minecraft:item_frame":1,"minecraft:dirt":3,"tombstone:grave_dust":1,"minecraft:potion":3,"minecraft:string":1,"minecraft:bone":1,"minecraft:mangrove_roots":1,"minecraft:coarse_dirt":1,"minecraft:tuff":1,"terramity:ammo_box":1,"minecraft:rotten_flesh":10,"minecraft:iron_hoe":1,"minecraft:spruce_fence":1,"minecraft:gunpowder":4,"born_in_chaos_v1:corpse_maggot":1,"minecraft:oak_boat":1,"minecraft:oak_sapling":15,"minecraft:bamboo":5,"minecraft:stone_bricks":2},"minecraft:custom":{"minecraft:mob_kills":84,"minecraft:interact_with_crafting_table":22,"minecraft:open_barrel":12,"minecraft:damage_dealt_resisted":1953,"minecraft:leave_game":12,"minecraft:time_since_death":308797,"minecraft:climb_one_cm":3812,"minecraft:sprint_one_cm":1838644,"minecraft:walk_one_cm":795881,"minecraft:damage_blocked_by_shield":1730,"minecraft:drop":52,"minecraft:play_time":539630,"minecraft:deaths":3,"minecraft:sneak_time":3435,"minecraft:walk_under_water_one_cm":34642,"minecraft:boat_one_cm":443883,"minecraft:jump":7073,"minecraft:walk_on_water_one_cm":71313,"minecraft:total_world_time":543190,"minecraft:interact_with_furnace":2,"minecraft:sleep_in_bed":27,"minecraft:time_since_rest":6506,"minecraft:waystone_activated":24,"minecraft:damage_taken":2331,"minecraft:damage_dealt":14022,"tombstone:cast_on_ally":0,"minecraft:swim_one_cm":151969,"minecraft:fly_one_cm":2378643,"minecraft:crouch_one_cm":9360,"minecraft:open_chest":225,"tombstone:undead_killed":40,"minecraft:fall_one_cm":125151},"minecraft:broken":{"minecraft:iron_axe":1,"minecraft:iron_sword":1,"minecraft:iron_pickaxe":1}},"DataVersion":3465}