{"stats":{"minecraft:dropped":{"minecraft:iron_sword":1,"minecraft:tuff":1,"terramity:ammo_box":1,"minecraft:cobblestone":4,"minecraft:dirt":2,"minecraft:oak_sapling":15},"minecraft:mined":{"minecraft:red_bed":2,"minecraft:spruce_trapdoor":1,"minecraft:torch":1,"minecraft:grass_block":12,"minecraft:chest":6,"minecraft:tall_grass":2,"minecraft:cobblestone":20,"terramity:stone_tiles":16,"minecraft:oak_planks":19,"minecraft:spawner":2,"minecraft:large_fern":1,"minecraft:hay_block":32,"minecraft:iron_ore":7,"minecraft:stone_brick_stairs":1,"minecraft:grass":7,"minecraft:bookshelf":75,"minecraft:oak_log":69,"minecraft:coal_ore":25,"minecraft:oak_stairs":10,"minecraft:dirt":211,"minecraft:stripped_oak_log":5,"minecraft:cracked_stone_bricks":7,"minecraft:azalea_leaves":2,"minecraft:stone":74,"minecraft:polished_andesite":3,"minecraft:stone_bricks":5,"minecraft:mossy_stone_bricks":6,"minecraft:oak_leaves":15},"minecraft:crafted":{"minecraft:oak_planks":256,"minecraft:crafting_table":1,"minecraft:enchanting_table":1,"sophisticatedbackpacks:gold_backpack":1,"minecraft:bookshelf":21,"minecraft:bread":64,"minecraft:oak_boat":1,"minecraft:stick":20,"minecraft:oak_stairs":4,"minecraft:iron_shovel":2,"minecraft:white_bed":1,"minecraft:torch":60,"minecraft:oak_fence":3,"minecraft:wheat":279,"sophisticatedbackpacks:iron_backpack":1},"minecraft:picked_up":{"minecraft:stripped_oak_log":5,"born_in_chaos_v1:corpse_maggot":1,"minecraft:allium":1,"minecraft:clay_ball":5,"minecraft:oak_stairs":10,"paraglider:spirit_orb":4,"minecraft:stone_brick_stairs":1,"minecraft:oak_log":69,"skilltree:gem":3,"minecraft:lantern":2,"minecraft:dirt":223,"minecraft:red_bed":2,"minecraft:stone_stairs":1,"minecraft:bone":26,"minecraft:stone_bricks":5,"terramity:electronic_scrap":2,"minecraft:apple":1,"terramity:accursed_soul":6,"minecraft:cracked_stone_bricks":7,"minecraft:wheat_seeds":2,"minecraft:iron_ingot":3,"minecraft:beef":3,"minecraft:oak_boat":2,"minecraft:mossy_stone_bricks":5,"minecraft:azalea":1,"minecraft:chest":6,"minecraft:oak_planks":18,"minecraft:iron_sword":1,"minecraft:spruce_trapdoor":1,"minecraft:book":225,"minecraft:stick":10,"minecraft:raw_iron":7,"minecraft:torch":1,"tombstone:grave_dust":14,"terramity:ammo_box":1,"minecraft:polished_andesite":3,"minecraft:rotten_flesh":7,"waystones:waystone":5,"minecraft:hay_block":31,"tombstone:magic_scroll":1,"minecraft:oak_sapling":16,"terramity:stone_tiles":11,"minecraft:mutton":7,"terramity:gold_round":18,"minecraft:coal":25,"mca:scythe":1,"minecraft:white_wool":5,"minecraft:cobblestone":99},"minecraft:killed_by":{"minecraft:creeper":1},"minecraft:custom":{"minecraft:interact_with_furnace":1,"minecraft:mob_kills":30,"minecraft:interact_with_crafting_table":14,"minecraft:damage_dealt_resisted":60,"minecraft:leave_game":5,"minecraft:time_since_death":1613,"minecraft:sleep_in_bed":10,"minecraft:time_since_rest":477,"minecraft:waystone_activated":8,"minecraft:sprint_one_cm":596991,"minecraft:damage_taken":1013,"minecraft:walk_one_cm":343256,"minecraft:damage_blocked_by_shield":945,"minecraft:drop":10,"minecraft:damage_dealt":4274,"minecraft:swim_one_cm":11818,"minecraft:fly_one_cm":1107237,"minecraft:open_chest":123,"minecraft:play_time":232446,"minecraft:crouch_one_cm":3534,"tombstone:undead_killed":22,"minecraft:deaths":3,"minecraft:sneak_time":1458,"minecraft:walk_under_water_one_cm":8236,"minecraft:boat_one_cm":15010,"minecraft:jump":2105,"minecraft:walk_on_water_one_cm":15249,"minecraft:fall_one_cm":31253,"minecraft:total_world_time":236006},"minecraft:used":{"minecraft:oak_fence":3,"mca:male_villager_spawn_egg":15,"minecraft:water_bucket":13,"minecraft:enchanting_table":1,"minecraft:iron_shovel":202,"mca:grim_reaper_spawn_egg":1,"minecraft:oak_planks":122,"minecraft:chest":23,"minecraft:shield":26,"soulsweapons:moonstone_pickaxe":51,"minecraft:iron_sword":79,"minecraft:torch":9,"minecraft:dirt":50,"minecraft:crafting_table":1,"minecraft:red_bed":2,"mca:female_villager_spawn_egg":15,"waystones:waystone":6,"minecraft:iron_hoe":35,"minecraft:oak_log":2,"minecraft:bookshelf":15,"minecraft:lantern":2,"minecraft:iron_axe":206,"minecraft:oak_stairs":8,"minecraft:bread":27,"minecraft:iron_pickaxe":126,"minecraft:stone_bricks":4,"minecraft:cobblestone":14,"minecraft:furnace":4,"tombstone:gift":6,"minecraft:bucket":13,"minecraft:oak_boat":2,"minecraft:experience_bottle":198},"minecraft:killed":{"born_in_chaos_v1:baby_skeleton":11,"born_in_chaos_v1:decrepit_skeleton":4,"minecraft:sheep":5,"terramity:simple_turret":1,"minecraft:zombie":7,"born_in_chaos_v1:corpse_fly":1,"minecraft:cow":1}},"DataVersion":3465}