{"stats":{"minecraft:mined":{"terramity:cardboard_box":4,"minecraft:mangrove_roots":1,"minecraft:brewing_stand":2,"minecraft:spruce_trapdoor":1,"minecraft:grass_block":13,"minecraft:spruce_fence":2,"minecraft:polished_andesite_slab":2,"terramity:stone_tiles":16,"minecraft:spawner":3,"minecraft:large_fern":2,"minecraft:hay_block":32,"minecraft:iron_ore":24,"minecraft:anvil":1,"minecraft:bookshelf":75,"minecraft:oak_stairs":10,"minecraft:iron_bars":5,"minecraft:stripped_oak_log":5,"minecraft:azalea_leaves":2,"minecraft:bamboo":44,"minecraft:stone":177,"minecraft:red_bed":2,"minecraft:deepslate_tile_slab":1,"minecraft:torch":2,"minecraft:blast_furnace":2,"minecraft:chest":6,"minecraft:andesite_slab":2,"minecraft:tall_grass":2,"minecraft:cobblestone":21,"minecraft:birch_wood":2,"minecraft:oak_planks":19,"minecraft:wall_torch":1,"minecraft:coarse_dirt":1,"minecraft:birch_log":1,"minecraft:jukebox":1,"graveyard:skull_pile":1,"minecraft:stone_brick_stairs":1,"minecraft:grass":13,"minecraft:oak_log":69,"minecraft:coal_ore":352,"minecraft:dirt":217,"minecraft:cracked_stone_bricks":8,"minecraft:polished_andesite":3,"minecraft:stone_bricks":5,"minecraft:mossy_stone_bricks":6,"minecraft:oak_leaves":18,"minecraft:fern":2,"soulsweapons:verglas_ore":3},"minecraft:dropped":{"minecraft:iron_sword":1,"minecraft:cobblestone":4,"minecraft:deepslate_tile_slab":1,"minecraft:item_frame":1,"minecraft:dirt":3,"tombstone:grave_dust":1,"minecraft:potion":3,"minecraft:string":1,"minecraft:mangrove_roots":1,"minecraft:coarse_dirt":1,"minecraft:tuff":1,"terramity:ammo_box":1,"minecraft:rotten_flesh":7,"minecraft:spruce_fence":1,"born_in_chaos_v1:corpse_maggot":1,"minecraft:oak_boat":1,"minecraft:oak_sapling":15,"minecraft:bamboo":5},"minecraft:picked_up":{"minecraft:coarse_dirt":1,"minecraft:allium":1,"minecraft:anvil":1,"minecraft:clay_ball":5,"terramity:cardboard_box":4,"terramity:fairy_dust":2,"minecraft:oak_stairs":10,"minecraft:potion":3,"minecraft:stone_brick_stairs":1,"born_in_chaos_v1:bloody_gadfly_eye":1,"minecraft:brewing_stand":2,"minecraft:red_bed":2,"minecraft:string":1,"minecraft:stone_stairs":1,"minecraft:iron_axe":1,"minecraft:item_frame":1,"born_in_chaos_v1:intoxicating_decoction":10,"terramity:electronic_scrap":2,"terramity:accursed_soul":6,"minecraft:cracked_stone_bricks":8,"minecraft:beef":14,"minecraft:oak_boat":6,"minecraft:azalea":1,"born_in_chaos_v1:stimulating_decoction":3,"minecraft:chest":6,"minecraft:spruce_trapdoor":1,"minecraft:stick":12,"minecraft:raw_iron":24,"born_in_chaos_v1:shattered_skull":1,"minecraft:jukebox":1,"minecraft:torch":6,"minecraft:spruce_fence":2,"tombstone:grave_dust":16,"born_in_chaos_v1:pieceofdarkmetal":2,"terramity:ammo_box":1,"minecraft:arrow":1,"minecraft:rotten_flesh":33,"minecraft:hay_block":31,"minecraft:mangrove_roots":1,"minecraft:mutton":7,"minecraft:cobblestone":232,"minecraft:white_wool":5,"minecraft:stripped_oak_log":5,"born_in_chaos_v1:corpse_maggot":9,"born_in_chaos_v1:monster_flesh":1,"minecraft:leather":5,"paraglider:spirit_orb":6,"minecraft:oak_log":70,"minecraft:gunpowder":2,"skilltree:gem":36,"minecraft:deepslate_tile_slab":1,"minecraft:dirt":230,"minecraft:lantern":2,"minecraft:bone":37,"minecraft:apple":1,"minecraft:stone_bricks":5,"minecraft:wheat_seeds":7,"minecraft:iron_ingot":3,"minecraft:mossy_stone_bricks":5,"minecraft:bamboo":69,"minecraft:polished_andesite_slab":2,"minecraft:oak_planks":18,"minecraft:iron_sword":1,"minecraft:book":225,"born_in_chaos_v1:ethereal_spirit":2,"minecraft:blast_furnace":2,"minecraft:polished_andesite":3,"minecraft:slime_ball":2,"waystones:waystone":11,"soulsweapons:verglas":3,"born_in_chaos_v1:rotten_fish":1,"tombstone:magic_scroll":1,"minecraft:oak_sapling":16,"mca:scythe":1,"terramity:stone_tiles":11,"minecraft:coal":350,"terramity:gold_round":18},"minecraft:custom":{"minecraft:mob_kills":75,"minecraft:interact_with_crafting_table":21,"minecraft:open_barrel":3,"minecraft:damage_dealt_resisted":1953,"minecraft:leave_game":9,"minecraft:time_since_death":148393,"minecraft:climb_one_cm":2503,"minecraft:sprint_one_cm":1014096,"minecraft:walk_one_cm":559501,"minecraft:damage_blocked_by_shield":1730,"minecraft:drop":26,"minecraft:play_time":379226,"minecraft:deaths":3,"minecraft:sneak_time":1832,"minecraft:walk_under_water_one_cm":19752,"minecraft:boat_one_cm":306236,"minecraft:jump":4049,"minecraft:walk_on_water_one_cm":34957,"minecraft:total_world_time":382786,"minecraft:interact_with_furnace":1,"minecraft:sleep_in_bed":16,"minecraft:time_since_rest":1240,"minecraft:waystone_activated":13,"minecraft:damage_taken":1817,"minecraft:damage_dealt":11510,"minecraft:swim_one_cm":71124,"minecraft:fly_one_cm":1512457,"minecraft:open_chest":175,"minecraft:crouch_one_cm":4200,"tombstone:undead_killed":36,"minecraft:fall_one_cm":72165},"minecraft:used":{"minecraft:oak_fence":3,"minecraft:enchanting_table":1,"minecraft:iron_shovel":202,"minecraft:chest":29,"minecraft:shield":52,"minecraft:iron_sword":242,"minecraft:torch":50,"minecraft:dirt":57,"minecraft:spruce_fence":1,"minecraft:iron_hoe":35,"minecraft:bookshelf":15,"minecraft:lantern":2,"minecraft:iron_axe":279,"minecraft:oak_stairs":8,"minecraft:stone_bricks":4,"minecraft:furnace":4,"tombstone:gift":6,"mca:male_villager_spawn_egg":15,"minecraft:water_bucket":15,"mca:grim_reaper_spawn_egg":1,"minecraft:oak_planks":122,"soulsweapons:moonstone_pickaxe":411,"minecraft:crafting_table":4,"minecraft:red_bed":2,"mca:female_villager_spawn_egg":15,"minecraft:oak_log":2,"waystones:waystone":10,"minecraft:bread":62,"minecraft:iron_pickaxe":250,"minecraft:cobblestone":59,"minecraft:bucket":15,"minecraft:oak_boat":6,"minecraft:experience_bottle":198},"minecraft:broken":{"minecraft:iron_axe":1,"minecraft:iron_sword":1,"minecraft:iron_pickaxe":1},"minecraft:killed_by":{"minecraft:creeper":1},"minecraft:crafted":{"minecraft:oak_planks":312,"minecraft:bookshelf":21,"minecraft:chest":6,"minecraft:oak_fence":3,"sophisticatedbackpacks:iron_backpack":1,"minecraft:wheat":279,"paraglider:paraglider":1,"minecraft:crafting_table":4,"minecraft:enchanting_table":1,"minecraft:iron_sword":1,"sophisticatedbackpacks:gold_backpack":1,"minecraft:bread":64,"minecraft:oak_boat":3,"minecraft:stick":28,"minecraft:oak_stairs":4,"minecraft:iron_shovel":2,"minecraft:white_bed":1,"minecraft:torch":60},"minecraft:killed":{"born_in_chaos_v1:zombie_clown":2,"born_in_chaos_v1:restless_spirit":1,"born_in_chaos_v1:zombie_clown_not_despawn":2,"minecraft:spider":3,"born_in_chaos_v1:zombie_bruiser":1,"born_in_chaos_v1:maggot":7,"minecraft:skeleton":1,"born_in_chaos_v1:skeleton_thrasher":1,"born_in_chaos_v1:corpse_fish":1,"terramity:blue_fairy":1,"born_in_chaos_v1:baby_skeleton":11,"born_in_chaos_v1:swarmer":1,"born_in_chaos_v1:decrepit_skeleton":6,"minecraft:sheep":5,"born_in_chaos_v1:bloody_gadfly":1,"terramity:simple_turret":1,"minecraft:zombie":11,"born_in_chaos_v1:dread_hound":1,"born_in_chaos_v1:corpse_fly":8,"minecraft:cow":9}},"DataVersion":3465}