{"stats":{"minecraft:custom":{"minecraft:mob_kills":84,"minecraft:interact_with_crafting_table":22,"minecraft:open_barrel":12,"minecraft:damage_dealt_resisted":1953,"minecraft:leave_game":11,"minecraft:time_since_death":239265,"minecraft:climb_one_cm":3398,"minecraft:sprint_one_cm":1299152,"minecraft:walk_one_cm":695615,"minecraft:damage_blocked_by_shield":1730,"minecraft:drop":50,"minecraft:play_time":470098,"minecraft:deaths":3,"minecraft:sneak_time":3175,"minecraft:walk_under_water_one_cm":25701,"minecraft:boat_one_cm":351243,"minecraft:jump":5379,"minecraft:walk_on_water_one_cm":50571,"minecraft:total_world_time":473658,"minecraft:interact_with_furnace":2,"minecraft:sleep_in_bed":21,"minecraft:time_since_rest":12706,"minecraft:waystone_activated":19,"minecraft:damage_taken":2118,"minecraft:damage_dealt":14022,"tombstone:cast_on_ally":0,"minecraft:swim_one_cm":97500,"minecraft:fly_one_cm":1971638,"minecraft:open_chest":218,"minecraft:crouch_one_cm":9191,"tombstone:undead_killed":40,"minecraft:fall_one_cm":90097},"minecraft:killed_by":{"minecraft:creeper":1},"minecraft:picked_up":{"minecraft:coarse_dirt":1,"minecraft:allium":1,"minecraft:clay_ball":5,"minecraft:anvil":1,"terramity:cardboard_box":4,"terramity:fairy_dust":2,"minecraft:oak_stairs":11,"minecraft:potion":3,"minecraft:stone_brick_stairs":1,"born_in_chaos_v1:bloody_gadfly_eye":1,"minecraft:brewing_stand":2,"minecraft:red_bed":2,"minecraft:string":6,"minecraft:stone_stairs":1,"minecraft:iron_axe":1,"minecraft:item_frame":1,"born_in_chaos_v1:intoxicating_decoction":10,"terramity:electronic_scrap":2,"terramity:accursed_soul":14,"minecraft:cracked_stone_bricks":9,"minecraft:beef":14,"minecraft:oak_boat":8,"minecraft:azalea":1,"born_in_chaos_v1:stimulating_decoction":3,"minecraft:chest":6,"minecraft:spruce_trapdoor":1,"minecraft:egg":2,"minecraft:stick":12,"minecraft:raw_iron":24,"born_in_chaos_v1:shattered_skull":2,"minecraft:jukebox":1,"minecraft:torch":6,"minecraft:spruce_fence":2,"tombstone:grave_dust":16,"born_in_chaos_v1:pieceofdarkmetal":2,"terramity:ammo_box":1,"minecraft:arrow":1,"minecraft:rotten_flesh":42,"minecraft:hay_block":31,"minecraft:mangrove_roots":1,"minecraft:mutton":7,"minecraft:cobblestone":233,"cataclysm:stone_pillar":4,"minecraft:white_wool":5,"minecraft:stripped_oak_log":5,"born_in_chaos_v1:corpse_maggot":9,"born_in_chaos_v1:monster_flesh":1,"minecraft:leather":5,"paraglider:spirit_orb":12,"minecraft:oak_log":72,"minecraft:gunpowder":6,"skilltree:gem":36,"minecraft:deepslate_tile_slab":1,"minecraft:dirt":277,"minecraft:lantern":2,"minecraft:bone":41,"minecraft:apple":1,"minecraft:stone_bricks":11,"minecraft:wheat_seeds":9,"minecraft:iron_ingot":3,"minecraft:mossy_stone_bricks":5,"minecraft:bamboo":69,"minecraft:polished_andesite_slab":2,"minecraft:iron_sword":1,"minecraft:oak_planks":21,"minecraft:book":225,"born_in_chaos_v1:ethereal_spirit":4,"minecraft:blast_furnace":3,"minecraft:spider_eye":2,"minecraft:spruce_fence_gate":1,"minecraft:iron_hoe":1,"minecraft:polished_andesite":3,"minecraft:slime_ball":2,"waystones:waystone":15,"soulsweapons:verglas":3,"minecraft:oak_sapling":16,"tombstone:magic_scroll":1,"born_in_chaos_v1:rotten_fish":1,"terramity:stone_tiles":11,"minecraft:coal":350,"mca:scythe":1,"terramity:gold_round":18},"minecraft:dropped":{"minecraft:iron_sword":1,"minecraft:wheat_seeds":7,"minecraft:cobblestone":4,"cataclysm:stone_pillar":4,"minecraft:cracked_stone_bricks":2,"minecraft:deepslate_tile_slab":1,"minecraft:item_frame":1,"minecraft:dirt":3,"tombstone:grave_dust":1,"minecraft:potion":3,"minecraft:string":1,"minecraft:bone":1,"minecraft:mangrove_roots":1,"minecraft:coarse_dirt":1,"minecraft:tuff":1,"terramity:ammo_box":1,"minecraft:rotten_flesh":10,"minecraft:iron_hoe":1,"minecraft:spruce_fence":1,"minecraft:gunpowder":4,"born_in_chaos_v1:corpse_maggot":1,"minecraft:oak_boat":1,"minecraft:oak_sapling":15,"minecraft:stone_bricks":2,"minecraft:bamboo":5},"minecraft:killed":{"born_in_chaos_v1:zombie_clown":2,"born_in_chaos_v1:restless_spirit":2,"born_in_chaos_v1:zombie_clown_not_despawn":2,"minecraft:spider":6,"born_in_chaos_v1:zombie_bruiser":1,"born_in_chaos_v1:maggot":7,"minecraft:skeleton":1,"born_in_chaos_v1:skeleton_thrasher":1,"born_in_chaos_v1:corpse_fish":1,"terramity:blue_fairy":1,"born_in_chaos_v1:baby_skeleton":11,"born_in_chaos_v1:swarmer":1,"born_in_chaos_v1:decrepit_skeleton":10,"minecraft:sheep":5,"born_in_chaos_v1:bloody_gadfly":1,"terramity:simple_turret":1,"minecraft:zombie":11,"born_in_chaos_v1:dread_hound":1,"born_in_chaos_v1:corpse_fly":8,"minecraft:cow":9},"minecraft:broken":{"minecraft:iron_axe":1,"minecraft:iron_sword":1,"minecraft:iron_pickaxe":1},"minecraft:mined":{"minecraft:mossy_cobblestone":1,"terramity:cardboard_box":4,"minecraft:mangrove_roots":1,"minecraft:brewing_stand":2,"minecraft:spruce_trapdoor":1,"cataclysm:stone_pillar":2,"minecraft:grass_block":13,"minecraft:spruce_fence":2,"minecraft:polished_andesite_slab":2,"terramity:stone_tiles":16,"minecraft:spawner":6,"minecraft:large_fern":2,"minecraft:hay_block":32,"minecraft:iron_ore":24,"minecraft:anvil":1,"minecraft:bookshelf":75,"minecraft:oak_stairs":10,"minecraft:iron_bars":5,"minecraft:stripped_oak_log":5,"minecraft:azalea_leaves":2,"minecraft:bamboo":44,"minecraft:stone":177,"minecraft:red_bed":2,"minecraft:deepslate_tile_slab":1,"minecraft:torch":2,"minecraft:blast_furnace":3,"minecraft:chest":6,"minecraft:andesite_slab":2,"minecraft:tall_grass":2,"minecraft:cobblestone":22,"minecraft:birch_wood":2,"minecraft:oak_planks":20,"minecraft:wall_torch":1,"minecraft:coarse_dirt":1,"minecraft:birch_log":1,"minecraft:sweet_berry_bush":1,"minecraft:jukebox":1,"graveyard:skull_pile":1,"minecraft:stone_brick_stairs":1,"minecraft:grass":13,"minecraft:oak_log":69,"minecraft:coal_ore":352,"minecraft:dirt":218,"minecraft:cobweb":1,"minecraft:cracked_stone_bricks":8,"minecraft:spruce_fence_gate":1,"minecraft:polished_andesite":3,"minecraft:stone_bricks":7,"minecraft:mossy_stone_bricks":6,"minecraft:oak_leaves":18,"minecraft:fern":2,"soulsweapons:verglas_ore":3},"minecraft:crafted":{"minecraft:oak_planks":312,"minecraft:bookshelf":21,"minecraft:chest":6,"minecraft:oak_fence":3,"sophisticatedbackpacks:iron_backpack":1,"minecraft:wheat":279,"paraglider:paraglider":1,"minecraft:crafting_table":4,"minecraft:enchanting_table":1,"minecraft:iron_sword":1,"sophisticatedbackpacks:gold_backpack":1,"minecraft:bread":64,"minecraft:oak_boat":3,"minecraft:stick":28,"minecraft:oak_stairs":4,"minecraft:iron_shovel":2,"minecraft:white_bed":1,"minecraft:torch":60},"minecraft:used":{"tombstone:scroll_of_lightning_resistance":1,"minecraft:oak_fence":3,"minecraft:enchanting_table":1,"minecraft:iron_shovel":202,"born_in_chaos_v1:intoxicating_decoction":1,"minecraft:chest":29,"minecraft:shield":52,"minecraft:iron_sword":293,"minecraft:torch":50,"minecraft:dirt":78,"minecraft:spruce_fence":1,"minecraft:milk_bucket":1,"minecraft:iron_hoe":35,"minecraft:bookshelf":15,"minecraft:lantern":2,"minecraft:iron_axe":281,"minecraft:oak_stairs":8,"minecraft:stone_bricks":8,"minecraft:furnace":4,"tombstone:gift":6,"mca:male_villager_spawn_egg":15,"minecraft:water_bucket":17,"mca:grim_reaper_spawn_egg":1,"minecraft:oak_planks":128,"soulsweapons:moonstone_pickaxe":425,"minecraft:crafting_table":4,"minecraft:red_bed":2,"mca:female_villager_spawn_egg":15,"minecraft:oak_log":2,"waystones:waystone":15,"minecraft:bread":80,"minecraft:iron_pickaxe":250,"minecraft:cobblestone":79,"minecraft:bucket":17,"minecraft:oak_boat":8,"minecraft:experience_bottle":198}},"DataVersion":3465}