{"stats":{"minecraft:picked_up":{"minecraft:crafting_table":1,"minecraft:coarse_dirt":1,"minecraft:allium":1,"minecraft:prismarine_shard":3,"minecraft:clay_ball":8,"minecraft:anvil":1,"terramity:cardboard_box":4,"minecraft:lead":3,"terramity:fairy_dust":3,"minecraft:oak_stairs":11,"minecraft:potion":3,"minecraft:stone_brick_stairs":1,"born_in_chaos_v1:bloody_gadfly_eye":1,"minecraft:brewing_stand":2,"minecraft:string":9,"minecraft:red_bed":2,"minecraft:stone_stairs":1,"minecraft:raw_copper":120,"minecraft:iron_axe":1,"born_in_chaos_v1:intoxicating_decoction":10,"minecraft:item_frame":1,"terramity:electronic_scrap":2,"terramity:accursed_soul":14,"minecraft:cracked_stone_bricks":9,"minecraft:beef":14,"minecraft:oak_boat":14,"minecraft:azalea":1,"born_in_chaos_v1:stimulating_decoction":3,"minecraft:chest":6,"minecraft:spruce_trapdoor":1,"minecraft:egg":3,"minecraft:stick":14,"minecraft:raw_iron":46,"born_in_chaos_v1:shattered_skull":3,"minecraft:jukebox":1,"minecraft:torch":18,"minecraft:spruce_fence":2,"tombstone:grave_dust":20,"born_in_chaos_v1:pieceofdarkmetal":2,"born_in_chaos_v1:black_argillite_brick_stairs":1,"terramity:ammo_box":1,"minecraft:arrow":6,"minecraft:rotten_flesh":53,"minecraft:decorated_pot":1,"born_in_chaos_v1:sea_terror_eye":4,"minecraft:hay_block":31,"minecraft:mangrove_roots":1,"minecraft:mutton":7,"cataclysm:stone_pillar":4,"minecraft:snowball":16,"minecraft:white_wool":5,"minecraft:cobblestone":8670,"minecraft:stripped_oak_log":5,"born_in_chaos_v1:corpse_maggot":13,"born_in_chaos_v1:monster_flesh":1,"minecraft:leather":5,"paraglider:spirit_orb":12,"minecraft:oak_log":72,"minecraft:gunpowder":7,"minecraft:cobblestone_stairs":1,"skilltree:gem":49,"minecraft:deepslate_tile_slab":1,"minecraft:lapis_lazuli":52,"minecraft:dirt":12871,"minecraft:lantern":2,"terramity:igneostone":29,"minecraft:bone":46,"minecraft:apple":1,"minecraft:stone_bricks":11,"minecraft:kelp":243,"minecraft:wheat_seeds":215,"minecraft:iron_ingot":69,"minecraft:mossy_stone_bricks":5,"minecraft:fletching_table":2,"minecraft:bamboo":69,"minecraft:polished_andesite_slab":2,"minecraft:iron_sword":1,"minecraft:oak_planks":21,"minecraft:book":225,"minecraft:sweet_berries":23,"minecraft:dandelion":2,"born_in_chaos_v1:ethereal_spirit":5,"minecraft:white_bed":1,"minecraft:blast_furnace":4,"minecraft:spruce_log":2,"minecraft:spider_eye":2,"minecraft:mossy_cobblestone":1,"cataclysm:lionfish":1,"minecraft:iron_hoe":1,"minecraft:polished_andesite":3,"minecraft:spruce_fence_gate":1,"minecraft:slime_ball":2,"born_in_chaos_v1:fire_dust":2,"waystones:waystone":27,"minecraft:bone_meal":7,"soulsweapons:verglas":10,"minecraft:emerald":2,"tombstone:magic_scroll":3,"minecraft:oak_sapling":16,"born_in_chaos_v1:rotten_fish":27,"terramity:stone_tiles":11,"born_in_chaos_v1:sea_terror_stomach":2,"terramity:gold_round":24,"minecraft:coal":459,"mca:scythe":1,"minecraft:crimson_roots":2},"minecraft:used":{"tombstone:scroll_of_lightning_resistance":1,"minecraft:oak_fence":3,"minecraft:enchanting_table":1,"minecraft:iron_shovel":278,"born_in_chaos_v1:intoxicating_decoction":1,"minecraft:chest":29,"minecraft:shield":56,"minecraft:iron_sword":448,"minecraft:torch":356,"minecraft:dirt":6009,"minecraft:spruce_fence":1,"minecraft:milk_bucket":1,"minecraft:iron_hoe":35,"vanillaplustools:iron_shovel":314,"minecraft:bookshelf":15,"minecraft:lantern":2,"minecraft:iron_axe":283,"minecraft:oak_stairs":8,"minecraft:stone_bricks":8,"minecraft:bow":145,"minecraft:furnace":4,"tombstone:gift":7,"minecraft:cooked_beef":32,"mca:male_villager_spawn_egg":15,"minecraft:water_bucket":30,"mca:grim_reaper_spawn_egg":1,"minecraft:oak_planks":128,"soulsweapons:moonstone_pickaxe":756,"minecraft:fletching_table":2,"soulsweapons:bluemoon_greatsword":8,"minecraft:crafting_table":7,"minecraft:red_bed":2,"mca:female_villager_spawn_egg":15,"vanillaplustools:stone_shovel":1312,"minecraft:white_bed":3,"minecraft:oak_log":2,"waystones:waystone":28,"minecraft:bread":130,"minecraft:iron_pickaxe":250,"minecraft:cobblestone":8793,"born_in_chaos_v1:rotten_fish":3,"vanillaplustools:iron_hammer":933,"minecraft:bucket":29,"minecraft:oak_boat":16,"minecraft:experience_bottle":198},"minecraft:custom":{"minecraft:mob_kills":137,"minecraft:interact_with_crafting_table":43,"minecraft:open_barrel":12,"minecraft:damage_dealt_resisted":2979,"minecraft:leave_game":28,"minecraft:time_since_death":998859,"minecraft:climb_one_cm":4057,"minecraft:sprint_one_cm":3303784,"minecraft:walk_one_cm":2452800,"minecraft:damage_blocked_by_shield":1853,"minecraft:drop":56,"minecraft:play_time":1229692,"minecraft:sneak_time":141914,"minecraft:deaths":3,"minecraft:walk_under_water_one_cm":109609,"minecraft:boat_one_cm":851411,"minecraft:jump":9679,"minecraft:walk_on_water_one_cm":103001,"minecraft:total_world_time":1233252,"minecraft:interact_with_furnace":8,"minecraft:traded_with_villager":10,"minecraft:sleep_in_bed":69,"minecraft:waystone_activated":34,"minecraft:time_since_rest":17314,"minecraft:damage_taken":4215,"minecraft:damage_dealt":21791,"tombstone:cast_on_ally":0,"minecraft:swim_one_cm":209253,"minecraft:fly_one_cm":3491220,"minecraft:crouch_one_cm":840161,"tombstone:undead_killed":55,"minecraft:open_chest":309,"minecraft:fall_one_cm":146430},"minecraft:crafted":{"minecraft:oak_planks":484,"minecraft:stone_shovel":72,"vanillaplustools:iron_shovel":1,"minecraft:bookshelf":21,"vanillaplustools:iron_hammer":3,"minecraft:chest":6,"vanillaplustools:stone_shovel":8,"minecraft:oak_fence":3,"sophisticatedbackpacks:iron_backpack":1,"minecraft:wheat":279,"soulsweapons:bluemoon_greatsword":1,"minecraft:cooked_beef":47,"paraglider:paraglider":1,"minecraft:arrow":160,"minecraft:crafting_table":6,"minecraft:spruce_planks":8,"minecraft:enchanting_table":1,"minecraft:iron_sword":1,"sophisticatedbackpacks:gold_backpack":1,"minecraft:bread":64,"minecraft:air":0,"minecraft:oak_boat":4,"minecraft:stick":328,"minecraft:iron_ingot":32,"minecraft:iron_pickaxe":27,"minecraft:oak_stairs":4,"minecraft:iron_shovel":12,"minecraft:white_bed":3,"minecraft:torch":336},"minecraft:dropped":{"minecraft:iron_ingot":64,"minecraft:iron_sword":1,"minecraft:wheat_seeds":60,"minecraft:mossy_cobblestone":1,"minecraft:cobblestone":4,"cataclysm:stone_pillar":4,"minecraft:cracked_stone_bricks":2,"minecraft:deepslate_tile_slab":1,"minecraft:stick":2,"minecraft:item_frame":1,"minecraft:cobblestone_stairs":1,"minecraft:dirt":3,"tombstone:grave_dust":1,"minecraft:potion":3,"minecraft:bone_meal":3,"minecraft:string":1,"minecraft:bone":1,"minecraft:mangrove_roots":1,"minecraft:coarse_dirt":1,"minecraft:tuff":1,"terramity:ammo_box":1,"minecraft:rotten_flesh":10,"minecraft:iron_hoe":1,"minecraft:spruce_fence":1,"minecraft:gunpowder":4,"born_in_chaos_v1:corpse_maggot":1,"minecraft:oak_boat":1,"minecraft:oak_sapling":15,"minecraft:stone_bricks":2,"minecraft:bamboo":5},"minecraft:killed":{"born_in_chaos_v1:zombie_clown":2,"born_in_chaos_v1:restless_spirit":3,"born_in_chaos_v1:zombie_clown_not_despawn":2,"minecraft:spider":8,"born_in_chaos_v1:zombie_bruiser":1,"born_in_chaos_v1:maggot":11,"minecraft:skeleton":1,"born_in_chaos_v1:skeleton_thrasher":1,"born_in_chaos_v1:corpse_fish":18,"cataclysm:lionfish":1,"terramity:blue_fairy":1,"born_in_chaos_v1:barrel_zombie":2,"cataclysm:deepling_angler":1,"born_in_chaos_v1:baby_skeleton":12,"born_in_chaos_v1:swarmer":1,"born_in_chaos_v1:glutton_fish":3,"terramity:elite_skeleton":1,"minecraft:creeper":2,"born_in_chaos_v1:decrepit_skeleton":14,"minecraft:sheep":5,"born_in_chaos_v1:bloody_gadfly":1,"cataclysm:deepling_brute":1,"terramity:simple_turret":1,"minecraft:zombie":17,"born_in_chaos_v1:dread_hound":1,"born_in_chaos_v1:corpse_fly":10,"cataclysm:deepling":1,"born_in_chaos_v1:door_knight":1,"minecraft:cow":9,"mowziesmobs:naga":2},"minecraft:killed_by":{"minecraft:creeper":1},"minecraft:mined":{"minecraft:white_bed":1,"minecraft:mossy_cobblestone":2,"minecraft:cobblestone_stairs":1,"terramity:cardboard_box":4,"minecraft:mangrove_roots":1,"minecraft:brewing_stand":2,"minecraft:spruce_trapdoor":1,"cataclysm:stone_pillar":2,"minecraft:spruce_fence":2,"minecraft:grass_block":3280,"minecraft:decorated_pot":1,"minecraft:crimson_roots":1,"minecraft:polished_andesite_slab":2,"terramity:stone_tiles":16,"minecraft:kelp":227,"minecraft:spawner":6,"minecraft:large_fern":2,"minecraft:hay_block":32,"minecraft:tall_seagrass":3,"minecraft:iron_ore":47,"minecraft:fire":2,"minecraft:snow":16,"born_in_chaos_v1:black_argillite_brick_stairs":1,"minecraft:anvil":1,"minecraft:fletching_table":2,"minecraft:bookshelf":75,"minecraft:oak_stairs":10,"minecraft:iron_bars":5,"minecraft:stripped_oak_log":5,"minecraft:azalea_leaves":2,"minecraft:bamboo":44,"minecraft:stone":8471,"minecraft:red_bed":2,"minecraft:kelp_plant":68,"minecraft:deepslate_tile_slab":1,"minecraft:crafting_table":1,"minecraft:torch":12,"minecraft:blast_furnace":4,"minecraft:emerald_ore":2,"minecraft:chest":6,"minecraft:andesite_slab":2,"minecraft:copper_ore":32,"minecraft:tall_grass":4,"minecraft:cobblestone":177,"minecraft:birch_wood":2,"minecraft:lapis_ore":8,"minecraft:oak_planks":20,"minecraft:wall_torch":2,"terramity:igneostone":29,"minecraft:seagrass":8,"minecraft:coarse_dirt":1,"minecraft:birch_log":1,"minecraft:sweet_berry_bush":1,"minecraft:jukebox":1,"born_in_chaos_v1:black_argillite_brick":1,"graveyard:skull_pile":1,"minecraft:stone_brick_stairs":1,"minecraft:grass":28,"minecraft:coal_ore":461,"minecraft:oak_log":69,"minecraft:dirt":9756,"minecraft:cobweb":1,"minecraft:cracked_stone_bricks":8,"minecraft:spruce_fence_gate":1,"minecraft:stone_bricks":7,"minecraft:polished_andesite":3,"soulsweapons:verglas_ore":10,"minecraft:mossy_stone_bricks":6,"minecraft:oak_leaves":18,"minecraft:fern":3},"minecraft:broken":{"vanillaplustools:iron_hammer":3,"vanillaplustools:iron_shovel":1,"minecraft:iron_axe":1,"minecraft:iron_sword":2,"minecraft:iron_pickaxe":1,"minecraft:iron_helmet":1,"vanillaplustools:stone_shovel":8}},"DataVersion":3465}