{"stats":{"minecraft:dropped":{"minecraft:iron_sword":1,"minecraft:oak_sapling":15},"minecraft:custom":{"minecraft:interact_with_furnace":1,"minecraft:mob_kills":28,"minecraft:interact_with_crafting_table":12,"minecraft:leave_game":2,"minecraft:time_since_death":111068,"minecraft:sleep_in_bed":4,"minecraft:time_since_rest":23607,"minecraft:waystone_activated":2,"minecraft:sprint_one_cm":313754,"minecraft:damage_taken":461,"minecraft:walk_one_cm":198339,"minecraft:damage_blocked_by_shield":590,"minecraft:drop":2,"minecraft:damage_dealt":3715,"minecraft:swim_one_cm":10131,"minecraft:fly_one_cm":957118,"minecraft:open_chest":67,"minecraft:crouch_one_cm":29,"minecraft:play_time":140636,"tombstone:undead_killed":22,"minecraft:deaths":1,"minecraft:sneak_time":544,"minecraft:walk_under_water_one_cm":2385,"minecraft:boat_one_cm":7675,"minecraft:jump":1323,"minecraft:walk_on_water_one_cm":9990,"minecraft:total_world_time":144196,"minecraft:fall_one_cm":15940},"minecraft:killed":{"born_in_chaos_v1:baby_skeleton":11,"born_in_chaos_v1:decrepit_skeleton":4,"minecraft:sheep":5,"minecraft:zombie":7,"minecraft:cow":1},"minecraft:crafted":{"minecraft:oak_planks":256,"minecraft:crafting_table":1,"sophisticatedbackpacks:gold_backpack":1,"minecraft:bookshelf":21,"minecraft:oak_boat":1,"minecraft:stick":20,"minecraft:oak_stairs":4,"minecraft:iron_shovel":2,"minecraft:white_bed":1,"minecraft:torch":16,"minecraft:oak_fence":3,"sophisticatedbackpacks:iron_backpack":1},"minecraft:picked_up":{"minecraft:stripped_oak_log":5,"minecraft:oak_stairs":10,"paraglider:spirit_orb":2,"minecraft:oak_log":69,"minecraft:dirt":218,"minecraft:lantern":2,"minecraft:bone":16,"terramity:accursed_soul":3,"minecraft:apple":1,"minecraft:stone_bricks":4,"minecraft:cracked_stone_bricks":1,"minecraft:wheat_seeds":1,"minecraft:beef":3,"minecraft:oak_boat":1,"minecraft:mossy_stone_bricks":4,"minecraft:chest":6,"minecraft:iron_sword":1,"minecraft:oak_planks":17,"minecraft:spruce_trapdoor":1,"minecraft:book":225,"minecraft:stick":8,"minecraft:torch":1,"tombstone:grave_dust":14,"minecraft:rotten_flesh":7,"waystones:waystone":1,"tombstone:magic_scroll":1,"minecraft:oak_sapling":16,"minecraft:cobblestone":73,"minecraft:mutton":7,"minecraft:white_wool":5,"mca:scythe":1},"minecraft:used":{"minecraft:oak_fence":3,"mca:male_villager_spawn_egg":15,"minecraft:iron_shovel":202,"mca:grim_reaper_spawn_egg":1,"minecraft:oak_planks":106,"minecraft:chest":23,"minecraft:shield":20,"soulsweapons:moonstone_pickaxe":1,"minecraft:iron_sword":67,"minecraft:torch":6,"minecraft:dirt":44,"minecraft:crafting_table":1,"mca:female_villager_spawn_egg":15,"minecraft:oak_log":2,"waystones:waystone":1,"minecraft:bookshelf":15,"minecraft:lantern":2,"minecraft:iron_axe":204,"minecraft:oak_stairs":8,"minecraft:bread":17,"minecraft:iron_pickaxe":87,"minecraft:stone_bricks":4,"minecraft:cobblestone":14,"minecraft:furnace":4,"minecraft:oak_boat":1,"minecraft:experience_bottle":194},"minecraft:mined":{"minecraft:torch":1,"minecraft:spruce_trapdoor":1,"minecraft:grass_block":8,"minecraft:chest":6,"minecraft:cobblestone":14,"minecraft:oak_planks":18,"minecraft:spawner":1,"minecraft:large_fern":1,"minecraft:grass":6,"minecraft:bookshelf":75,"minecraft:oak_log":69,"minecraft:oak_stairs":10,"minecraft:dirt":210,"minecraft:stripped_oak_log":5,"minecraft:cracked_stone_bricks":1,"minecraft:stone_bricks":4,"minecraft:stone":59,"minecraft:mossy_stone_bricks":5}},"DataVersion":3465}